-3.2349980887551844e-01;-6.5510227117476644e-02;2.9334988776402844e-02;-1.9567718305611762e-01;2.6914043335915278e-01;-9.5765186495517796e-03;2.6660818037125156e-01;-1.3330716326972769e-01;4.9353083958378674e-02;4.4711894694632959e-01;-2.5623504527571550e-01;-4.8022396874606543e-01;-3.8822386703868916e-01;2.0142996256420331e-01
-2.7910540706854885e-02;1.5252544231329634e-01;-3.0604308638137556e-01;-5.0989677598454286e-01;5.2925394221074173e-01;2.0768661709761208e-01;1.0620023649341166e+00;-1.4076630185687000e-02;-1.4827053121209466e-01;-7.5512937796687851e-01;-1.9829698235877991e-01;1.0702536040817086e+00;1.1096035073654786e+00;4.7246882056438338e-01
-4.0244711193698622e-02;1.1391108006850187e-01;-1.1298896078202948e-01;-1.2894101253089074e-01;-4.2024860051769825e-01;-3.0108166945102155e-02;5.8304062022164302e-02;2.5452051798849218e-01;6.6371484566957084e-01;5.6493665105566049e-01;5.2917913744334533e-01;-7.7436151014317153e-02;-2.5575460197733296e-01;5.2764215965935135e-01
-3.2050683847252148e-01;2.3431234945023853e-02;-9.2327318057960572e-02;-3.8598098166209671e-01;6.4543826605391608e-01;6.1559571581482009e-02;6.0928155041061735e-02;-3.8676483300956843e-01;-3.1378228838210159e-01;5.3905141136805157e-01;5.1995422534360747e-01;-8.6987641016789286e-01;-9.5279989210609373e-01;1.5192337794111932e-01
-2.1433238142371255e-01;3.5528366692447778e-02;-8.7257955395218620e-02;-2.0790824699760696e-01;-1.1929238991414386e-01;-1.0109623397075218e-02;4.5712498581870603e-01;7.3188386249764770e-01;2.3606515226658176e+00;1.2953976167321197e+00;-3.5288848249604303e+00;-9.3049312364002101e-01;5.6533960968077712e-01;-5.0415735917453108e-01
-2.7091235247639972e-01;1.7301134910324764e-01;-2.3053844753137476e-01;-4.2350840601508305e-01;3.5918464110963860e-01;-7.1349385324679160e-02;7.2523608584558175e-01;1.4205635118045190e-01;2.4197433544960617e-01;-7.5455875578195863e-01;1.9845491635580609e-01;6.6674892986496692e-01;5.1370364123328005e-01;6.6535824488117146e-01
-5.8268977137766860e-02;7.7800772963746101e-01;2.0783276999272110e-01;-4.6600368852246782e-01;-1.6766754430715303e+00;1.5500291006735525e-01;-3.6533107424042655e-01;1.0541829487704352e-01;-4.0302192822207766e-01;-2.5823095906727878e-01;8.0968003505361674e-01;3.7782396453107425e-01;2.9673695176526443e-01;-8.3892509915043101e-01
-2.9177353509942605e-01;-3.1566842165996428e-01;7.8491012871442029e-02;4.4132414572195522e-01;-2.6591714215916118e-01;7.2386193350859745e-02;-5.7574352980334975e-02;7.6716529626780772e-02;1.5201330649503975e-01;5.8764005303344621e-02;1.8145418861501789e-01;9.6387870739796655e-03;-3.3067206038507857e-01;8.3835779978809377e-01
5.2727998347871519e-01;5.9383271940651206e-01;-1.5055285375125025e+00;-8.8170357826459234e-01;2.0897314336406341e+00;5.0818908378842753e-01;-2.3361571435452427e-01;-5.5394918876067534e-01;-2.1272408948610308e-01;-1.1322276180912894e+00;-7.9603831306760331e-01;5.8333452636483818e-02;1.3543282594309531e+00;-2.7539048136748407e+00
-2.1868397610008983e-01;2.2815942598526032e-01;-1.2440557260184715e-01;-2.7278141329193117e-01;-2.1359552634713208e-01;-3.7507897554568459e-02;-8.7838717374760580e-02;-1.1706311940557135e-01;2.9264300854246372e-01;5.1226395058845201e-02;5.8515701291021915e-01;2.0044695474118970e-01;-2.4705020329616703e-01;1.5021762997904520e-01
-2.4927630679877862e-02;1.5431112715736625e-01;-7.6917083587832114e-01;2.3855786403127122e-02;5.9565960426483877e-01;2.5026059766922926e-01;1.0733814604888108e-01;-3.9232177034437343e-01;-8.5298958378925516e-01;2.1521998724070387e-01;9.7697212639582043e-01;-1.2261141156497974e+00;-4.8342708789493538e-02;2.0157322633749697e-01
4.1941878411305886e+00;-2.4582285582592336e+00;3.2891233232261832e+00;-1.6138987406535483e+00;4.7859939276650887e-01;3.3284471285477917e+00;-1.3122738855847553e+00;-1.6762593656410782e+00;1.5101081148779985e+00;-5.2209369551264961e-01;-3.6390411224438690e-01;2.3867307077865458e+00;-2.2471993922049185e+00;-4.6449024346705414e-01
6.0584388858917615e+00;-1.7367644945284764e+00;-1.5624767950840048e+00;2.3797503225163701e+00;-1.7720407335145889e+00;1.7200347313723432e+00;3.4989515585348805e+00;-1.8519113268435667e+00;-4.7354129590517609e+00;6.6270633345759471e+00;-9.8200132021304454e-01;-3.0204277434152802e+00;4.3701155316038776e+00;1.8959021921091015e+00
-2.3860205879543123e-01;2.1529364191911055e-01;5.1315693236149273e-01;3.7648907893736033e-01;-2.0318749647406573e+00;-8.2656771112683769e-02;-8.8097956828323010e-01;1.0066569542175563e-01;-5.2928357200378595e-01;-5.3338579262899449e-02;5.9459926080335168e-01;3.1600719156585994e-01;1.4689683045464769e-01;-3.5284721081012960e-01
-2.0627520272188171e-01;3.2071037784978440e-01;-4.1874922631406397e-01;-8.9239261631899958e-01;1.2520038179666872e+00;-1.8361106005409450e-01;4.8558917081202502e-01;-1.0545954327836726e-01;-1.2013693864657754e-02;-1.2148118697046189e+00;-5.3570588832157084e-01;1.9682854385776838e+00;1.8432340459122751e+00;6.5635822723585369e-01
-3.0025471015391886e-01;-2.8505640471611172e-02;1.3139369333908418e-01;-3.8160824092933116e-01;1.1046960229734748e-01;6.2763484042026851e-01;1.9084426728531341e+00;-1.7944557512096460e-01;-9.9503171051059647e-01;-1.2155903683296585e+00;7.8395920101513239e-01;9.4730129181381240e-01;-1.1019827220589876e-01;9.8760793379769773e-01
-1.9503220281470598e-01;3.2236335789666137e-01;-5.7647439081933927e-01;-8.2517714718545987e-01;1.5859724403239366e+00;5.2018227081622459e-02;3.3194093775758032e-01;-5.6192277034925942e-01;-1.7896590597723625e+00;-1.3744100645730577e+00;1.7434955999828328e+00;4.1895695882387496e-01;-3.4278667414147201e-02;-2.3309995042864085e-01
2.7047351098568650e-02;6.1430432393004372e-02;-3.1284184076114363e-01;-3.1035998361445855e-01;4.6608827052476015e-01;5.1808070499121361e-01;3.1064202577977057e-01;3.8504761121482400e-01;1.0510026049507064e-01;-3.4990707746435251e-01;-2.3337974286525783e-02;-5.1726633700339031e-01;-5.0463440344632113e-02;-3.2092091663907196e-02
-5.9015663958618507e-03;7.5719331242198054e-02;-5.6857547388734020e-01;-2.2583962701025115e-01;1.0170505778944219e+00;2.2638294779004978e-01;-6.3746943729671246e-01;1.8655758917147797e-01;-3.7411554327541929e-01;1.3674364931154651e-01;-1.1989413789682818e-01;-1.1340341515188340e-01;2.4285101773856593e-01;-3.4330817470754149e-01
-3.1930155187934350e-01;-2.1088695777600176e-02;-3.3553940430102312e-02;-1.8303750386841325e-01;1.9592734177740592e-01;-6.5883430901368556e-02;9.0537902714868765e-02;1.3270498719280210e-02;5.1564630444488269e-01;4.6980757519724675e-01;-1.2639481366770461e-01;-2.8433520373604881e-01;-3.4771448601498234e-01;6.9251357216132237e-01
1.3276016541139318e-01;7.6595786411388600e-01;-4.9663113213896060e-01;-3.9754271136059383e-01;-8.1942706309748925e-01;2.4346812989329883e-01;-7.8809242596138862e-01;6.1118841047987371e-02;-6.7285367479461389e-01;-4.3156936929982309e-01;2.6543471953182398e+00;-3.4342325155983899e-02;-8.0296533419638372e-01;-5.4082069673989797e-01
-2.8937004627676666e-01;-1.5708278709823922e-01;-5.3883823119175522e-01;-2.0949155221456203e-01;2.0230186931696554e+00;-2.0952899075196607e-01;-6.0655014790725548e-01;-2.3049572615600888e-01;-7.6418562939264273e-02;-2.2739272644778197e-01;-3.1195334325079780e+00;-2.1121225789313618e+00;-2.4012601159601092e+00;-1.6274231228255931e-01
-2.3597339028217468e-01;1.8412856424361454e-01;-5.7606721134973254e-02;-8.9203778654439492e-01;7.9835979653495759e-01;7.7136187191479155e-01;2.2010208119258490e+00;-5.8421815573743174e-01;-1.7447147915325507e+00;-1.4712166078642850e+00;8.2370477846495438e-01;9.8654133046273929e-01;5.5595127689640567e-01;-3.7215204317577488e-01
-2.4864011357889185e-01;-2.0928743979646452e-01;-9.3539250836056353e-03;3.4572296875351094e-01;-3.3540096885192489e-01;1.9866065869894867e-02;5.1734806367257136e-01;1.6288510958051222e-01;-1.4926617570364517e-01;-9.9666700980288681e-02;5.7363471112890918e-02;3.2086875268727566e-01;9.1085016500242788e-01;8.6233352914316419e-01
-3.1746006492590567e-01;-4.1273233317812269e-01;5.6407963353893892e-02;5.4022252761935230e-01;-8.6233854641973445e-02;-4.6338020674904612e-02;-9.1976788461049813e-02;1.6837604132637418e-01;2.5922012480938950e-01;1.2001639245002166e-01;-3.4441162601835390e-01;-2.3861804863381880e-01;-4.4986748386022202e-01;8.9355023265046518e-01
-1.9766227685065263e-01;-2.3991456453346230e-01;-7.4526540027100463e-02;2.4425932590937788e-01;2.3673358079200102e-01;3.6199883628050944e-01;-5.7821967409913655e-01;-2.3903965459437304e-01;-3.2323591428887116e-01;2.0822210516140860e-01;5.1750304275650383e-01;-3.8149696392693322e-01;-4.5842390434679536e-01;8.9847290751434938e-02
-2.3343328127253496e-01;1.8518700831079773e-01;-2.4856643398540695e-01;-7.3614890024819646e-01;1.0269825409032602e+00;-1.2612916311576072e-02;3.4416374176393172e-01;5.3232709255919719e-02;1.2506280539149864e-01;1.4605018444825446e-01;-1.4910930975211771e+00;1.4140785508741660e-01;1.7664902474075257e+00;-9.6178347575508560e-01
1.6642410002365451e-02;8.1120344077167161e-01;-6.1981351871610224e-01;-2.6271888482519751e-01;-1.4550647788071818e+00;-5.1027757938111584e-01;1.4254461569602213e+00;6.8593218199403072e-01;7.7293412426121955e-01;1.1373489076902346e-01;-4.4364123435398406e-01;-1.0920048229569272e+00;2.5987304258703081e-01;-1.6610909532930298e+00
-2.8415740506273979e-01;-2.7840259601214346e-01;2.6482181256300467e-02;3.7562918201716766e-01;-1.4644413908124368e-01;-7.4354212122271612e-02;-2.9789915755275698e-01;1.8195916863566730e-01;4.5771096378218140e-01;5.1221789371605886e-01;-3.7348379457193831e-01;-3.3352004472420077e-01;-1.2767484765179682e-01;5.4427856582488066e-01
-3.1995250431580885e-01;-3.0846616112264361e-02;3.4392980279914637e-04;-4.4025131870795386e-01;7.2154846950286988e-01;2.2984294467126887e-01;9.3345175501029987e-01;-3.6843164184808297e-01;-1.1987649660488824e+00;-6.3317039147860066e-01;3.8676988053264394e-01;3.4002962036310269e-01;-2.0857271086462570e-02;1.5228517344829429e-01
-2.7094792703429454e-01;2.1457894236743331e-02;-2.7044269837122042e-01;-2.3573642672285486e-01;7.2997177966440385e-01;-3.6813007069954934e-01;-4.8068063543912820e-01;8.0490284476380625e-02;8.4567364674638379e-01;-1.4339969993331633e-01;-9.1934040462078748e-01;4.4927084072762857e-01;2.5195432324780609e-01;4.5570105255599991e-01
-5.3231530638483369e-02;3.8567738149037317e-01;-1.0360115755053581e-01;-1.2171344111106047e-01;-1.1072636015345572e+00;3.5409984412277107e-01;-3.4868980031326358e-01;4.0967501222031166e-01;4.3260084302530394e-01;3.6394267006648479e-01;8.7235818614176985e-01;-1.1447669349552633e-01;1.4145435782081506e-01;1.7046911281719501e-01
-4.8026734039152141e-02;3.2038302452104223e-01;-9.6017618939355909e-01;-1.2624634138915658e-01;7.4933108001659521e-01;-7.0264094938138766e-01;3.2674168267195985e-01;-9.6346142368982757e-02;-4.0102162600150848e-01;-5.5155373474768843e-01;7.6226636704319972e-01;-2.3581958674905665e-01;2.8525976833215771e-01;7.8989380381836383e-01
8.8255517927599107e-03;1.5250154655427917e-01;-5.0661728868538503e-01;-4.6154045911919261e-01;9.1822942476179670e-01;3.0823911856362507e-01;4.1107976647022965e-01;-5.6906890096571350e-03;-3.0970535926045706e-01;-3.9394426781630243e-01;-8.9729420597674026e-02;-7.9200780900839651e-03;3.4229156253265891e-02;-3.8378688594571231e-01
-2.6018213735382101e-01;5.6686019186662905e-02;-5.8121557409698293e-02;-5.7921447232267642e-01;6.1807221731963524e-01;2.5334176921647694e-01;1.0016962076043534e+00;3.3572858271866268e-01;9.1352147643769044e-01;1.2265711590461405e-01;-3.6138053325255668e+00;-2.6400846092850205e-01;2.1214189717690481e+00;-2.1521965981425013e+00
-3.1599544078290201e-02;8.4655094188829549e-02;-5.0137311455422728e-01;-2.5783295647483201e-01;8.9483204280275008e-01;3.8553657795453844e-01;-4.9907053699387605e-01;-1.2630529651016120e-01;-4.7869348149018309e-01;1.7976574642652265e-01;8.4167952695532444e-01;-1.0853725604549405e+00;-1.0923747503684720e+00;-2.8385914459657557e-01
-6.4131401970447310e-02;5.7345907925298367e-01;-2.4635311976767904e-01;-4.8135935000042307e-01;-8.7644518526117321e-01;5.8091276428671601e-01;6.4378136577179101e-01;-1.1186837188756882e-01;3.8060167062816119e-01;-8.0717184137541087e-02;5.2076843394562367e-01;7.3769839392643211e-01;3.6498941782470129e-01;-1.3249638445703260e-01
-1.5038017794171160e-01;6.2767428291726685e-02;-5.5080429892991933e-01;-6.8675376844502797e-02;7.5980552976706539e-01;2.3473318670280804e-01;1.5068056307663866e-01;-4.0189284389269209e-01;-5.0114257618878733e-01;-6.2961937433950799e-01;-2.5263979230250444e-01;7.3619397612376813e-01;3.5589772556805982e-01;-6.7446939499771652e-02
-1.9787096322815647e+00;-2.7807958810217857e+00;1.9117118044098456e+00;4.2696295389592933e+00;-1.5595070436712983e+00;-5.3688186281407591e-02;-1.3375571981947121e+00;-5.9264473169229781e-02;-2.2366617825796773e+00;-1.9858905273067122e+00;-2.7068268993133895e+00;-3.8813038895700824e-01;-8.3242210678872863e-01;1.2128467422343912e+00
3.3831103160553062e+00;1.1167321195944155e+01;5.5333186786467676e+00;4.0199960153537626e+00;2.2923159378553222e+00;3.9639965259040011e-02;-3.2066415328282893e-01;-3.2204997596493889e-01;-1.1666303302201368e+00;-8.2599018192999552e-01;-1.5645746555783597e+00;-3.6331630314008945e-01;-4.4229963902544966e-01;1.5964767230198644e+00
-3.7274300089347356e-01;-2.3540071939315838e-01;3.1585952820340069e-01;8.9926856738500288e-02;-5.6468218119904456e-01;4.6723073374937768e-01;1.7332647504950802e+00;3.1509030105357250e-01;4.0040787765035413e-01;-4.5635877605030795e-01;-1.1656322321047681e+00;8.5895659107291422e-01;1.0084603968894930e+00;6.6655881705340625e-01
-2.8951782645067377e-02;1.2311471167215061e-01;-4.7650012775592981e-01;-2.7580182882485016e-01;7.5099962154305411e-01;2.3158079799411163e-01;-7.3377886522381830e-01;1.4095055641011550e-01;-2.3071977895400661e-01;9.1216872910066726e-01;5.2951411316165864e-01;-1.1389265402070803e+00;-8.1966570960250307e-01;-7.9284177363806307e-01
-4.1642700659030384e-02;-1.1486640339702946e-02;-3.5960790583178737e-01;-1.0681789437608569e-01;5.7651762192606371e-01;-6.9247832175467483e-04;-4.5987347653397320e-01;1.6212962276994491e-01;1.4405488592310312e-01;6.2053027147428386e-01;-1.8482528100373902e-01;-5.2012496962136467e-01;-4.4706074188734113e-01;1.1586944765289620e-01
-1.7818951402083738e-01;6.2940612023010001e-01;-2.3106426903843312e-02;-6.9621191992580000e-01;-6.4316077537881677e-01;-3.3317890804397543e-01;-4.2503828926029177e-02;3.0317176020884862e-01;1.7461845678352658e-01;-9.4105051808229911e-01;3.1189816806224840e-01;1.1431078622933135e+00;3.1856674642273963e-01;-4.5114864096654927e-01
5.9868714663204713e-03;-9.6565289610073303e-03;-4.6145482921887021e-01;-7.6129289669933653e-04;5.9452587799713252e-01;9.2739033303058249e-01;-5.6369830389007369e-01;-1.3356395564700768e-01;-6.3129867396675055e-01;-5.5244963674298098e-01;1.4316987602168225e+00;-6.1322034360125677e-02;-3.5651659215014231e-02;1.2018847855315551e-01
-2.8098831389511547e-01;-6.1225447082872621e-02;1.3749156643094208e-02;-2.7653550086083784e-01;3.2501523986708530e-01;4.0465274418428387e-01;1.7042297703833125e+00;-1.8086583241229659e-01;-1.3759273462413126e+00;-1.1713910439654964e+00;6.0413874530122857e-01;1.9459320915260403e-01;2.2974623900942687e-01;3.8775129422983501e-01
-2.4368567012826153e-01;-2.5309927592183243e-02;-9.2746749120522165e-02;-2.5578030838471938e-01;3.8734302438716378e-01;3.5295729546629495e-01;1.1430949554419245e+00;-2.6919827325687584e-01;-1.0731917628097509e+00;-1.6967244880159368e-01;4.5885595108890603e-01;-5.9403679564055178e-01;-2.9887032587537776e-02;5.3073142033041476e-02
-3.4953373320151256e-02;-1.5442203809366761e-01;-3.3259491722389717e-01;8.4092160101162827e-02;6.3547258910651494e-01;-1.0167152386669884e-01;-2.6269091190465704e-01;-3.7487947558494106e-03;1.1483469158741072e-02;-1.1299856922936713e-01;-8.4001410781160424e-01;-1.0670613533834095e-01;1.4983431018555440e-02;-3.8994300787855019e-01
-2.9105804214085740e-01;-5.8631633308078496e-02;-2.8975416215693051e-01;-7.4610133236563403e-03;5.9222912691200402e-01;-2.7801662715737369e-01;-3.0346674532303447e-01;2.2288497670136165e-01;3.9476702478714099e-01;-3.5341785677055321e-01;-4.5256352759607038e-01;-7.4686519725216893e-02;-1.6846914126050219e-01;-9.5434919340697366e-02
-1.3767016287341499e-01;4.6042941092199868e-01;-1.1696788544124895e-01;-4.9303246514514831e-01;-9.3519489542901812e-01;-3.7246676538827617e-01;-4.3654441572472702e-01;1.2161490322979076e+00;3.9375773768859532e+00;2.5667875054241884e+00;-2.8150923056517274e+00;-1.3296978276393883e+00;-4.6901033105375683e-01;1.5045039239072016e+00
-1.7245547212364820e-02;1.7833333345284530e-02;-2.7768468394439072e-01;-7.0163427174724069e-02;1.1876341918862067e-01;-3.0881876523394344e-02;2.2760094071143568e-02;8.2894465698567316e-02;4.5853575790002066e-01;4.6066834427934272e-01;-1.0108937577038454e-01;5.3729782794653763e-02;-3.2389179599142232e-01;1.9535118276654254e-01
-2.8533136892074062e-01;-3.5764862384678847e-01;9.1524439912662958e-02;4.6731671776256084e-01;-2.0074189964562647e-01;-1.7219686611697949e-01;-7.8203536913363000e-02;-5.2412406407712608e-02;2.8313313848869803e-01;1.1758184274671056e-01;-2.2430105513683474e-01;-1.6358730656748421e-01;-3.4874515631289166e-01;6.2012711505082319e-01
-2.2409521452878858e-01;2.1236055524648192e-01;-3.5919569046821820e-01;-5.6877013454904324e-01;8.9145246762073638e-01;-3.9640712270122486e-01;-2.5376346747690559e-01;1.5841713432791094e-01;8.3259036356712857e-01;-5.5593521917469824e-01;-8.2261850466771169e-01;1.6143196237872151e+00;1.2101643288832591e+00;1.0365308891023206e+00
-2.4508119298344788e-01;8.3898002483484890e-01;3.7584989163139809e-01;-3.3883104788157997e-01;-2.0763725198242038e+00;-3.4041543997052742e-01;-4.0430708874600574e-01;-4.7680919097810270e-01;-5.9266212688487663e-01;2.4705514854235366e-01;2.5740755873730418e-02;-9.1116179289633759e-01;-5.2761027443966868e-01;-2.8097202797480358e+00
3.0379913872791039e-02;7.1421335317620427e-01;3.1068170268782874e-01;-2.8106857478116432e-01;-1.9927146258123041e+00;-3.2665804517560459e-02;-5.0022512498467875e-01;1.4400004461278160e-01;-2.8529797525330830e-01;2.2388779158253228e-02;4.4847468277823183e-01;2.9693010321384206e-01;2.8383310287683861e-01;-9.2898145070348059e-01
-1.2547343377400039e-03;2.1902096080145364e-01;-2.9890849669523939e-01;-6.3280792617303150e-01;3.1117376706969535e-01;2.6239617027368245e-01;1.6144823357332996e+00;3.5637173795335109e-01;8.4269349177495412e-01;-2.2627916603927417e-01;-1.2390684323430976e+00;3.5848689538776374e-02;5.3703456864346230e-02;2.0247790293691376e-01
-3.1269228749734379e-01;-2.9168612202547595e-01;2.4156939961387663e-01;3.9694454536347162e-01;-8.4303948000528695e-01;1.3800716587462042e-01;9.5605271923785851e-01;5.3005573624385760e-01;9.8420145275250326e-01;3.3543745977334705e-01;-6.0533055358381238e-01;-7.2412823823056893e-01;-1.0704346288697137e+00;6.4009878533264386e-01
-2.5772564136322285e-01;-1.7233507327466982e-01;-5.5325716697608857e-03;1.0043358432967997e-01;-1.3139824947555206e-01;2.1517668038029422e-01;1.6132693802948970e+00;2.7359213111099745e-01;-1.1622528152639908e-01;-1.0996899053188676e+00;-6.5225129816577843e-01;2.1495164258653801e-01;1.6971102732712562e-01;1.2247565659389426e-01
1.0856040366421424e-01;3.1545370016895155e-02;-5.6950704683948061e-01;-9.0808177760781622e-02;7.0349310901128947e-01;7.0614637005328296e-01;-2.1308452594878097e-01;-6.8597476289862802e-01;-4.1699070817533418e-01;4.8243335200150589e-01;3.7800437815908750e-01;-2.2204832710692940e-01;-9.4026571113153867e-01;-3.5573214590167296e-02
-2.3525229985285454e-01;4.9896203740027445e-01;1.5766836437185347e-01;-6.7490032328599581e-01;-8.9692321399701647e-01;-2.8859051921465317e-02;5.6840215211329659e-01;2.9594128118470397e-01;5.1973842893540179e-01;-3.0640115377096266e-02;4.8113046871109441e-02;6.4099451948368591e-01;4.9984182246373787e-01;-6.3225646750972753e-01
-3.5502972097892055e-01;-3.0620467982049132e-01;2.1940527691107922e-01;3.9885605582121947e-01;-4.8147902809800480e-01;-2.0545080751615763e-02;1.6172009031994361e-01;2.4948056436318033e-03;-6.5803089728546371e-02;-2.3886596733765808e-02;9.8319436961288731e-01;5.2082577542664543e-01;-5.3112294359930368e-02;1.4257285696664637e+00
-2.7766897282902958e-01;-3.1002617695827606e-01;4.8373514874961089e-02;4.2745142292970617e-01;-1.9882548562800106e-01;-4.0230274997568649e-02;-8.9667495023785501e-02;1.6235879476710402e-01;2.3457364154128460e-01;1.3950402319512237e-01;-1.7544749174340557e-01;-1.7948001388918500e-01;-3.8496088066534317e-01;5.5653179507969108e-01
-1.3439007514581630e-01;-1.4932559278183330e-01;-2.3433018987894152e-01;2.0192726196604710e-01;3.9099236815536742e-01;-4.7629772604498105e-01;-1.5861413566234490e+00;3.1886140298686633e-01;7.2494153622159019e-01;4.8070113924228214e-01;1.2558506587737264e-01;-9.0911852614888461e-02;5.8106778910410467e-02;3.8986964751840358e-01
-2.7127946341603415e-01;-3.2231762019701510e-01;4.2684127650603865e-02;3.9991936760548846e-01;-5.0557721960115522e-02;1.5937926728203544e-02;-2.3272180932023429e-01;1.2731532147402758e-01;-1.0022000385255450e-01;8.0959150884030551e-02;1.9759995701827590e-01;-3.2063515369380280e-01;-4.5696914288159141e-01;3.0439531318549018e-01
-2.6648663893551050e-01;-2.6376961839995866e-01;1.4108168335718027e-02;3.1202498637889875e-01;-2.2616214754598109e-02;5.5134654168345065e-03;-6.6524101969661228e-02;1.6473962920345753e-02;-1.8850350973176308e-01;-6.8822090892862786e-02;3.2053692482074914e-01;-2.0189776158109379e-02;-4.2722138123230724e-01;5.6868228377093666e-01
4.0990442517595774e-02;-1.3746704469073037e-01;-3.8176594906864403e-01;-6.2756826319213407e-02;1.0801952407985651e+00;-3.4463009190881727e-01;-1.0311910143469902e+00;-1.4442807771821325e-01;-5.5380891210948513e-01;3.0170992249368028e-01;-2.1006753169346901e-01;-1.0345932707460770e-01;3.3943261313340900e-01;-1.1393263464781584e+00
-2.5264097034003208e-01;-3.2525818379141140e-02;6.2940531384279921e-03;-2.7323229374627311e-01;9.7530647380585353e-02;5.9073636725949630e-01;2.0761375663219308e+00;-1.7468817520941915e-01;-9.5195795172427933e-01;-8.5389701994665201e-01;3.4950546885852779e-02;6.7920451617781730e-01;2.4851689913681541e-01;4.2823091227587695e-01
-2.3255153704063131e-01;3.2748583359517497e-02;-3.9583547826191723e-01;1.9242263558964459e-01;-9.0996915186781116e-02;1.7323001128057797e-01;2.4381468010113319e-01;2.1849449117942621e-02;4.0203034224880030e-01;1.5980998065048080e-01;4.6989237230069858e-01;-3.1133305352694790e-01;3.6268671093119470e-01;8.2630551245830752e-01
-1.7663490853739988e-01;8.7673592024834801e-01;4.9527877119113506e-01;-6.1061698907348272e-01;-1.9342284770810778e+00;-9.1981035340716999e-02;-2.0456512957830261e-01;2.2989072780681524e-01;-3.1798004229410293e-01;-3.8382732448919593e-01;-1.5614992190982226e-02;7.3485732152556360e-01;6.4568313537008404e-01;-1.5287766338624746e+00
-1.9787118620617845e+00;-2.7808353319336101e+00;1.9116270268506461e+00;4.2694305773146084e+00;-1.5598201937832410e+00;-5.3710506640442413e-02;-1.3377675300268090e+00;-5.9320467116285691e-02;-2.2369871327188804e+00;-1.9861498771876238e+00;-2.7073346049614262e+00;-3.8824437871165340e-01;-8.3267432982911271e-01;1.2144862884644150e+00
-2.6664086879840410e-01;4.6199032679337233e-02;1.3545577938522735e-02;-5.6633346585438848e-01;5.7284694694496896e-01;5.2556624674974417e-01;1.2797556826858172e+00;-3.0396064589743588e-01;-1.0660865967322937e+00;-9.7763213230170543e-01;5.0577608592885581e-01;9.1322522046594379e-01;6.1519256016401402e-01;7.2170921555261514e-01
7.3404489341877355e-01;1.3689591981526523e+00;-8.4795892608473544e-01;-1.8919643749913435e+00;-2.2248679952112443e-01;-3.3575341615134036e-02;4.3523840109631839e-01;3.2008604834470566e-01;1.5201266134878759e+00;1.3818630893092314e+00;1.5378025096742831e+00;-3.2605339952541723e-02;-1.9299295660308646e-01;7.8956199316273201e-01
-2.5109354891738156e-01;-2.3311750554829488e-01;-9.2823445523872922e-02;3.5369102077772219e-01;2.1882227988743189e-02;-1.7607532878937726e-01;-3.7853586352633056e-01;1.1655898945494392e-01;1.3393337611046399e-01;1.6765058021429802e-01;1.7302782348957588e-01;-2.9836391596938583e-01;-4.2627582332534991e-01;6.5916300723211629e-01
-2.8420546506009359e-01;-3.1586979107247837e-01;6.6814625977247549e-02;4.5394660161761891e-01;-2.7831633886109852e-01;-4.8469426105558600e-02;-1.0334931434087409e-01;1.9941729496850874e-01;3.1158297524832085e-01;2.1087015519988114e-01;-6.3302923907884084e-02;-1.7641996202912494e-01;-3.9300778821202659e-01;7.0373521347246126e-01
3.4936732718832570e+00;-2.4128766931565973e+00;3.7656084585198366e+00;-1.9382394470555475e+00;6.7443372209305830e-01;8.0574537613999553e-01;-1.5077598532793663e+00;1.2849105359224318e+00;1.7740240294136589e+00;-3.4950176604666061e+00;1.5176293052209870e+00;-4.2011438639300813e+00;2.6064341607485044e+00;8.1283178033958237e-01
-2.6692826307463818e-01;-2.8768977933912288e-01;1.1945841578560323e-04;3.1472396440545936e-01;5.4052830895750484e-02;5.4000371462018609e-02;2.9227719593943824e-01;9.8031815201114481e-02;-9.6719893497650450e-02;-5.0226425102505956e-01;-9.2099413017246423e-01;3.9675746774176235e-01;6.0604384726227911e-01;-3.8710541286662581e-01
2.3555284284642868e-02;-1.1768769147536220e-01;-2.7929866597348485e-01;2.8202030569218276e-02;4.1989443020662981e-01;1.7230597310813883e-01;-2.7960444993080658e-01;6.9654894586685945e-02;2.8184320866323326e-01;-1.2027159839952725e-01;-3.5136639130514713e-01;-1.7799476468795544e-01;2.3214052614525049e-01;7.7256556185787029e-02
-2.3098554793832829e-01;-2.5951404207673470e-02;-1.8299281338445217e-01;-8.1729512327759157e-02;2.8608938387638028e-01;1.9954958329667985e-01;5.7502918519196133e-01;-5.6153284987677621e-01;-7.7313183436848409e-01;8.9520650335587415e-01;-9.9640449808412038e-02;2.9915751576554656e-02;-3.5508142571880308e-01;-3.8378192855795912e-02
-2.4778214434580645e-01;9.6232959237886245e-02;-4.7943573857798966e-01;-3.8397193043420969e-01;1.4567630806499228e+00;-2.4758964591726562e-01;-1.3470061002687284e+00;-4.2661073048885023e-01;-7.2385410926909977e-01;2.5728860313520341e-01;6.2551511341006694e-01;-7.5998137449972125e-01;-7.2471855901323590e-01;-1.3618868710620069e+00
8.4222585439196668e-02;2.7940820891249513e-01;-9.3822801449099513e-01;-3.7039114706556181e-01;1.4830308594256896e+00;1.0070320530620842e+00;-2.0879993157394106e+00;-1.3793197637604846e+00;-9.8284269526431739e-02;1.6060855834149679e+00;5.8068395178286636e-01;-1.3402193774870232e+00;-5.9437177466119950e-01;-1.1757136308076355e+00
-2.8108656752651107e-01;-2.1264523942771207e-01;3.6842396897805704e-02;2.2961233009688589e-01;-8.3915897156739555e-02;4.8647783018590879e-02;-3.8069966482472364e-02;-4.2733731317754375e-02;-2.7662878996403345e-01;7.4499484559675963e-02;1.0015038786086856e+00;-1.3797145287206730e-01;-7.5559497440475987e-01;7.6681590754973139e-01
-2.3330498361806512e-01;-1.8269036416573309e-01;-1.9979762260977751e-02;-2.7749479451975138e-02;3.6540612195605138e-01;6.3526463019153478e-01;8.7823013064884559e-01;-5.2669822034131408e-01;-1.0502043527600282e+00;-5.7638466669786725e-01;-8.9744088388425791e-02;6.6669513086023713e-01;-1.8876278902926744e-01;-3.7666126651479803e-01
-2.6864476090438455e-01;-3.1238977830538234e-01;2.7282813614370897e-02;4.2136356915034329e-01;-1.2895383501021052e-01;-3.0270210373128714e-02;-5.4193134419873487e-02;1.4359793424275930e-01;1.5920762918483652e-01;-6.9295640989872342e-03;-3.8491966903589120e-01;-2.9205391519149804e-03;-9.8428937155935869e-02;2.8966022243434386e-01
-8.6397457123777180e-02;-1.4886622930371290e-01;-1.1922690370905857e-01;1.0067784167358007e-01;1.2736012573665045e-01;-6.5617025491431857e-01;-5.0916465733121008e-01;1.3744544243510437e-01;8.3088890012020222e-01;5.6876917277423944e-01;-1.1405772430773027e-01;4.0543091079226451e-01;-4.6835236791574136e-01;1.7140972327833768e+00
-2.9233757701901464e-01;-2.0103727203331345e-01;1.9411265520670523e-01;-1.7674150610993089e-01;2.9638636280224306e-01;-1.7385781895266289e-01;6.0162335874338779e-01;-2.0435947649939001e-02;-4.1138393385037297e-01;2.9897593711700815e-01;-1.5757762829906263e-01;-3.6778925548029401e-01;-7.8891813124368815e-01;-5.8440565470387451e-02
-2.5065404119835982e-01;-2.6201352675072082e-02;1.3173725755091034e-01;-4.9694070420521685e-01;4.7093626450512122e-01;-7.1573520339526187e-02;5.4127771511700196e-01;-1.7745419979930671e-01;-8.1405087075423199e-01;4.9467113673673885e-01;9.4932813781087289e-01;-5.8177103595829094e-01;-1.1567431581033043e+00;-1.2021150463662977e-01
-2.1143719372869718e-01;5.5508513332564280e-01;1.0265517492953236e-01;-3.8059502033531578e-01;-1.2539961418113097e+00;-2.9241427872747328e-01;-2.0541071284197521e-01;2.2507519949166743e-01;2.7522876524820811e-01;-1.7534288306042536e-01;7.7302384729426810e-01;2.5953134961475555e-01;2.2448251649800444e-01;-5.9513803122548836e-02
-2.4053544692622586e-01;-4.1881324035708467e-01;-5.8190400648916694e-02;6.0178555238228337e-01;1.0731398163557837e-01;-1.9893892030447544e-01;-2.4269415961456753e-01;-9.1068883097279896e-02;-2.3750571645030719e-01;5.2661086966308050e-02;-7.8006205813554375e-01;-1.9854155480845487e-02;-9.6237030600788476e-02;3.2955396230570205e-01
-1.4437099601486189e-01;-4.7629331767402652e-02;-3.4553399059605011e-01;-1.4601126207709261e-01;9.6827109412141754e-01;4.6662217442235587e-01;-1.0794223831022061e+00;-5.6152994035925008e-01;-1.2529030785422296e-01;8.0564665751158882e-01;-5.6481242197517245e-01;-1.1147123316339160e+00;1.0941291631168979e+00;-3.5041844098401165e-01
6.8878977978117928e-03;7.1002790565553520e-01;1.5443338339988733e-01;-1.2902760921811168e-01;-1.8586859168575738e+00;2.9406562056629493e-01;-8.5643390679924924e-01;3.7437550308673945e-01;-3.8295486855445537e-01;-5.1499552472770979e-02;5.2769559149584766e-01;-1.8803163249422744e-02;2.0188567312883821e-01;-6.2236509220429437e-01
2.2700899742340761e+00;-2.1444736673027434e+00;4.3954060584891899e+00;-2.9262708543749483e+00;1.6750073569285013e+00;-8.8763135758833496e+00;1.2132312754170125e+00;5.2452236092410640e+00;-3.7668077072170214e+00;3.0839896108563507e+00;-3.6418769135564172e-01;2.4903674748173135e+00;-1.3309313558118117e+00;-1.4165548569266839e+00
1.0808143504182441e-01;3.5247314945292768e-01;-7.1821384225145668e-01;-5.4066401808892894e-01;6.7759221811126258e-01;-4.2491249855801064e-02;8.2183375129034164e-01;-1.1652864924936022e-01;-2.6302383291098763e-01;6.6593310229093483e-01;-8.7176074115945454e-03;-1.0930251981692021e+00;7.3442870834410656e-01;-3.1172657373104645e-01
8.1649408075367635e-02;4.1134938059179904e-01;-2.8841988074703600e-02;-1.6797957701070945e-01;-1.2685371987093592e+00;2.2095312714720472e-01;-3.0984965402208881e-01;7.7434470947744277e-02;1.6993212835470362e-01;5.3375960223385233e-01;7.6343670512380846e-01;1.6172986792341104e-01;1.0057275482108496e-01;1.3187395442830613e-01
1.2288411400952384e-01;1.1341553772937289e-01;-4.1823401498405177e-01;-5.2729419314108128e-01;1.0944704398843663e+00;7.4044826072819037e-01;-8.4894137996920804e-01;7.4118238244582213e-01;-8.5972969022847290e-01;-8.4728445093594333e-03;1.2161224536241448e+00;-1.3299663684938101e+00;2.2721941134267226e-01;-8.8961470878909721e-01
2.8118019748155310e-01;4.4583024005831950e-01;2.5105070920618600e-01;-4.3099341682142428e-01;-1.5458212478611011e+00;5.8795870539506767e-01;-5.4917967175509258e-02;1.3158119998568720e+00;-2.8459338319265853e-01;7.7002173804797658e-01;-1.5809766200973824e-02;8.0472741896400302e-01;-5.8878447190067157e-02;-2.3251729793335665e+00
-5.1159796001343183e-02;2.6195817838577662e-01;-4.9878728093677910e-01;-1.5318202686403243e-01;9.6559989852749870e-02;5.0911585609415677e-01;-5.0048155385253290e-01;-3.9960042562547771e-01;3.4465601513485533e-01;4.7016252116774460e-01;6.7745292620255512e-02;3.9699225492925455e-01;5.7348174910748695e-01;1.0699462674027660e-01
-9.0601616172156063e-02;8.5042033016597754e-02;-4.3269358064356339e-01;-1.6812939707648472e-01;5.2471471356834243e-01;4.1931396756422862e-01;-8.1496283027570088e-02;9.1280672679610542e-02;3.2113942537289886e-03;-7.6031985311460049e-02;1.2245069620161897e-01;-1.8904992112488031e-01;2.5542782115281076e-01;1.6256602865559777e-01
-6.4402204940342007e-03;5.0860517481199996e-01;-6.0415834638229349e-01;-1.8426836083171672e-01;-4.4541994251956935e-01;-9.5451399552890648e-01;-5.6758839367663061e-01;8.6191915212681280e-01;1.4940654502505808e+00;-7.7060145943766745e-01;3.7683045589042197e-01;1.4611366078804171e+00;-4.3098456882403785e-01;1.9309673597189581e-01
-2.3300324904104350e-01;-2.5952669307705939e-01;-4.0007970959052480e-02;-3.5205244609025454e-01;1.2567074886121357e+00;1.0933748670535134e-01;2.0604024802407883e+00;2.4335202574564685e-01;-8.8514077355498755e-01;-1.9642717418631068e+00;-3.5741714674797280e+00;-2.2391727302010489e+00;-3.6606044121738681e+00;-1.1036494898866804e+00
-6.5582835844217577e-02;1.4924453099252308e-01;-1.5688891343181807e-01;-5.0348894077099982e-01;4.3796751321854077e-01;-2.9215329465832607e-02;3.4934302559856134e-02;-5.2094458662229748e-01;-2.1758889477930723e-01;7.3590542565096992e-02;9.9157613819552226e-01;4.5408521239019289e-01;-1.1974942093223233e+00;1.6002848895076482e+00
-1.9407533316582382e+00;-2.1218296935172667e+00;3.3308090969054427e+00;7.6630110259376147e+00;4.4166301527454701e+00;4.3447554415436573e-01;3.1884456410814996e+00;1.3050984322560675e+00;4.7513100645234356e+00;2.9137215472909848e+00;4.8268506601054391e+00;1.0426871193624017e+00;1.2705412423891218e+00;-4.1559007372744619e+00
1.2309128165122774e-01;4.5884113233467118e-02;-3.2705940294525065e-01;-2.9908668012110140e-01;2.9441403747818795e-01;2.8976659489978746e-01;8.2395878503740305e-01;6.3603616583341716e-01;9.8470417927429321e-01;3.0567552841556968e-02;-1.5970642483302102e+00;-8.6455508892587185e-01;-1.3280984657859787e+00;-8.4985351136074194e-01
-2.9810343624908035e-02;5.7004499084743798e-01;2.4245628787747608e-02;-2.3812580922602833e-01;-1.5533839632054947e+00;3.5951181478649130e-01;-3.0659914038165881e-01;4.5320600174830555e-01;2.1620944463618519e-01;1.8116438612780369e-01;6.6189205197071199e-01;4.1328570132838083e-02;3.8574025126197370e-01;-6.3008020971919931e-01
-2.9756865963463375e-01;-2.0929133839766706e-01;6.7046396814007647e-02;-1.4326003947027521e-01;7.0641645701769773e-01;4.7849945008118122e-02;6.3827564001339265e-02;-2.8933702417673912e-01;-1.2553902366081073e+00;-8.8024920513509297e-02;3.7409878423293563e-01;-6.2380238115017739e-01;-5.8515845636357078e-01;-1.2376555477858848e+00
-1.1132089991460198e-01;6.7151455067901522e-01;-1.1295590698620436e-01;-3.3169767040432974e-01;-1.4253818194729111e+00;-1.2745734474074016e-01;6.3396682683088734e-02;3.3215386390705121e-01;6.0105732507840615e-01;3.5276328582199840e-02;8.9131692261158843e-02;6.4278079704861502e-01;-7.1245117189619900e-02;-7.4685991991790912e-01
-2.7099843348633640e-01;-2.8122447163855324e-01;2.1606447976851260e-02;3.5794552862460144e-01;-8.5582982291749266e-02;-4.0120713166337585e-02;-1.5682494630742405e-01;1.2193268377142552e-01;1.9656059657905375e-01;1.8272171781795815e-01;-3.3018079010553675e-01;-2.9926790160351630e-02;5.4896300771264617e-02;4.7318272418684304e-01
1.2508872586085470e-01;5.9768727600590488e-01;-4.3656003851735709e-01;-3.2968222201150676e-01;-6.6186955412760917e-01;-7.4766667774664264e-01;-2.0222770181716005e+00;6.6307419428776759e-01;2.1887085685795498e+00;3.7755590847107651e-01;1.6488723324415495e-02;1.8563313461883675e+00;8.3681127006621292e-01;1.4264991977801478e+00
7.9221792456703861e+00;-4.3160544165204479e-01;-6.9326574995006647e+00;4.9633244137915637e+00;-1.2872440379606707e+00;-3.4927533848446819e+00;2.9006739714568130e-01;1.7370218288859824e+00;1.8421227196892964e+00;-4.1635322020009262e+00;7.6155907872542139e-01;1.2029639767934839e+00;-1.9980630256414713e+00;-1.2616116029740709e+00
-3.5656069297815840e-01;-2.3370191573671470e-01;1.5722671217529455e-01;-4.1037753959551060e-04;1.8034463105152243e-01;1.3771102781118955e-01;8.2533134292391985e-01;-2.9470247219721801e-02;-6.0735842667559281e-01;-3.7056699316502195e-01;-1.2006659995599242e-01;-3.0802944625644757e-01;-8.0466380466109289e-01;-4.4528501651555707e-01
-2.3183867525677046e-01;4.3119379225478016e-01;1.9112583371291048e-01;-5.3896652440048876e-01;-7.6381432418213868e-01;-6.9580004119378203e-02;-5.7881213679967597e-02;2.8474626924616442e-02;-1.9156621580736444e-01;3.5244105233416229e-02;2.4369553216476234e-01;4.0741799083423874e-01;2.3821427266247419e-01;-5.2010121545637733e-01
-2.9011464692455491e-01;-3.6672549729129056e-01;4.5618347815086210e-02;5.0754120026007354e-01;-1.1094591091277339e-01;-4.2543150795288254e-02;-1.8645913817241805e-01;1.8595193893860296e-01;7.2943422568536059e-02;3.8700407136437354e-02;-4.3286303565506612e-01;-1.4653094306381664e-01;-3.5423769277089923e-01;3.4231058950646220e-01
-4.1857742071958921e-02;3.7195752122461803e-02;-5.6965501089904169e-01;-9.6986314970784540e-03;6.4884039529278903e-01;7.6079488185194033e-01;-2.8241711162552552e-01;-4.7353843972954568e-01;-1.9688785190137365e-02;-2.8670510355816148e-01;1.7099747857369096e-01;-1.8831082676247982e-01;-3.6418434804059979e-01;-1.3967607289974493e-01
-1.9811505586354899e-01;-1.5701789002111372e-01;2.8660262027084898e-01;-2.8137573975892094e-01;-1.3758404761053949e-01;6.1753276915618083e-01;1.9739674304055612e+00;1.9100560796759558e-01;-1.2172726658087323e-01;-1.2990800666724969e+00;-7.9775013414399276e-01;1.2587372796933760e+00;1.1931418655949773e+00;1.3992407830027587e-01
-4.5377928479491784e-02;1.6828490425007872e-01;-6.7925796191469756e-01;3.8551443913914463e-02;1.7992537302690972e-01;6.9203671837009956e-02;4.9550040205531515e-01;2.3520197673591370e-01;5.8937510803262905e-01;-3.2089235616993239e-01;-1.6483463555375916e-01;-6.2451163091158302e-01;2.6556720889138258e-01;5.6845294094595555e-01
-3.3066647391902393e-01;-7.0388151954603836e-02;1.4752268804355023e-01;-2.8574355727498374e-01;7.4270507027379667e-02;2.9706040755937851e-01;1.3114086435229142e+00;7.0385737848496777e-02;-3.3972584067532319e-01;-3.2222502917208007e-01;1.8121882611996831e-01;-1.6448040076330617e-01;-5.4344498025380450e-01;2.6958786552857883e-01
-1.8700144894993803e-01;4.5863821842462488e-01;4.3178601395336341e-01;-1.1075626656002893e-01;-1.7240577208635677e+00;-5.9688404557803998e-02;-7.8970107649719168e-01;-1.0044609109180980e-01;-4.9453670467041627e-01;6.1435373085744960e-01;2.1209737668053436e-01;-1.0216606775623187e+00;-9.0860264558094950e-01;-1.7665001368284208e+00
-2.7289508390882283e-01;-1.9045404250332867e-01;2.5510424314212528e-02;1.5420370217714829e-01;-1.2145440054215691e-02;1.2072740866602336e-01;2.5114044168559807e-01;-4.7821902962642993e-02;-4.4654731859622154e-01;-3.2613079435614345e-01;9.6427349022852993e-01;3.8431217047442634e-01;-2.5754160510051949e-01;1.1200747696287421e+00
-2.4873588991654882e-01;2.3532379043916801e-01;-3.3555769805372859e-01;-6.8504440254078647e-01;1.0651666648107290e+00;-7.7058891065412971e-03;2.0538320929511347e-01;-3.8073283913480349e-01;-7.6816241855895451e-01;-1.0599382578186070e+00;1.1629260362453233e+00;7.8702223291114237e-01;-1.9745484939819333e-01;7.8474862698568737e-02
-2.6982803832793212e-01;-2.6300094693522086e-01;9.2150030784246023e-02;3.4280501314886325e-01;-3.3418071158842833e-01;5.5745556356429082e-03;1.4091348370185958e-01;3.1529452355515569e-01;2.6113829990282322e-01;1.0427528501113825e-01;-2.6089263588643219e-02;1.7559427001705866e-01;7.7996739554365535e-02;5.1912549253449247e-01
-1.2626512410191137e-01;-1.3122753831862882e-01;-2.8736971687479324e-01;1.7259483500117564e-01;2.5771434185046382e-01;-1.3809604785424409e-01;2.3897796610230898e-01;1.2431363570070258e-01;-7.3110416152333990e-02;-3.2455285255484123e-01;2.3832760084199558e-01;-1.5711919738214464e-01;-1.5395066755573822e-01;8.5012109658166568e-01
-2.6571649286493393e-01;-3.1270345490377299e-01;-6.1748474327604143e-02;3.7512309023749169e-01;2.9404947023523648e-01;-8.1230163229599417e-02;-5.7456334177950386e-01;-1.3184419870135644e-01;-4.3386373346465701e-01;8.5204131324462085e-02;-1.0000062369203425e-02;-4.1234014580690348e-01;-4.3782808028948889e-01;-4.4210860867824742e-01
-3.2056011451200919e-02;-6.6006904284696105e-02;-2.9079399885869478e-01;9.1546374295684366e-03;3.4818986266803031e-01;-8.4239478040936094e-02;-1.6552743669188030e-01;6.5539156461870390e-02;2.3812947965631601e-01;1.3918078012352292e-01;-3.4417049049406312e-01;-2.6272904557430740e-02;-1.9215126698795659e-02;-2.7575252872772404e-02
-1.7932954867164552e-01;1.5283400670446581e-01;4.9239971483767536e-01;-1.3916055234143201e-01;-1.7761231879283599e+00;8.9228544355655082e-01;1.4507649606833335e+00;7.0904931087360656e-01;9.5997044738498283e-01;-4.8400890066477381e-01;-7.7028372276647561e-01;-1.0877374973184555e+00;4.0639886198659014e-01;-9.2767897039387093e-01
-3.1221738319825809e-01;-2.2810958947902857e-01;1.9530906819535759e-01;7.5507060853956837e-02;-1.8805695721412655e-01;2.6223240858277486e-01;8.2673498505787302e-01;2.1810321221416579e-01;3.0249582961394877e-01;-2.0431698046786204e-01;-9.1886452128187979e-01;1.2493623230789128e-01;1.0675682083751381e-01;4.2089399818789686e-01
-2.1094658672003519e-01;4.2909351846371296e-01;-1.7955936044738868e-01;-4.8759213567027809e-01;-2.7710944139272276e-01;-1.5042277398690512e-01;-7.9680112192861960e-02;9.4539955722988789e-02;-1.5870550980333331e-01;-1.5025186574867846e-01;1.5089556625956322e+00;1.5049268994445567e-01;1.4530508838504652e-02;1.1142859259256621e-01
-2.6007933711074310e-01;6.9816642618176661e-02;7.6192400686077341e-02;-5.3354167226461258e-01;4.9447589355640191e-02;5.2821940769467313e-01;2.1633269747873229e+00;2.8916011179191548e-01;3.5521483676638538e-01;-9.7522946832659407e-01;-1.9423428439917378e+00;1.4192378691657432e+00;1.9928657486277188e+00;-1.6738597930313948e-01
-3.8572752048916671e-02;-1.7329450664223069e-02;-2.7584498488895220e-01;-1.1598191223097780e-01;3.1822445318323495e-01;-1.0147901369604584e-03;2.5822080216474341e-01;1.6227185341183875e-01;4.4019914607242372e-01;8.9476689423593783e-02;-6.7995481874350983e-01;-1.4840199199663276e-01;-9.4286090830407565e-02;-1.6408500630479661e-01
-3.2167183230269530e-01;2.2358880945174738e-02;2.7459544531753741e-02;-4.1164753834319773e-01;3.6058152417496192e-01;1.7786662754851057e-01;7.1368013647661499e-01;-2.5528134699420335e-01;-3.5278058296629772e-01;2.7973289665920043e-01;2.1726290216275623e-01;-5.2765734141422571e-01;-5.0961303211922981e-01;-1.2937854495400414e-01
-1.5652336176144119e-01;-9.3125799864536868e-02;-2.0186651292022323e-01;-4.1667524383108299e-02;4.6439977689511541e-01;4.4882800037219839e-02;-1.6239519116644691e-01;-1.2139226504491318e-01;-3.1973088161176644e-01;2.8207721522537282e-01;8.0721588127181321e-01;-4.9507357598330393e-01;-1.0035811056627211e+00;4.8774195308806284e-01
-3.5334221769831337e-01;-9.7659796277945105e-02;4.3189919289399720e-02;-1.2143922833121329e-01;2.2294934601778527e-01;2.5895046481247075e-01;5.4313443768477621e-01;-1.4356770384609585e-01;-5.2238437789997250e-01;9.0752746440816254e-02;2.3913388551951165e-01;-7.6782993476812500e-01;-8.6519417092458795e-01;-5.1590291522054410e-01
-3.1915177964644587e-01;-1.2698285753544006e-01;-8.7532455284091884e-02;-1.3411507485277910e-01;8.4165787446770113e-01;-7.3242797783098834e-02;-4.5113221545391141e-01;-5.5108084408673541e-01;-1.0098598258489524e+00;6.0292644526657779e-02;1.9379423920255306e-01;-1.5009788723590639e-01;7.1707153983879446e-02;-7.6323301301609359e-01
2.6370910470422854e-01;3.0746276110320764e-01;-1.3237375200731012e+00;-1.2373226251117173e-01;1.7270058745311700e+00;-7.9783454213326788e-01;-2.9751518794866221e+00;8.6278248259494872e-02;1.0226372750476279e-01;3.2571817085211188e+00;-1.7935150729063916e+00;1.7590021206437314e+00;1.2074830724427594e+00;-4.0199367211964188e-01
-3.3166789427024990e-01;-2.8516351368169546e-01;2.1571416879241337e-01;3.2567214355346097e-01;-6.7551456519182640e-01;3.4778923718951288e-01;1.2360550349106556e+00;5.9783001911920275e-01;7.7402186723549993e-01;1.0709889427749207e-01;-1.1027478303482332e+00;-5.4736573419424883e-01;-5.9415247996729736e-01;2.5452862385365482e-01
-3.0949753258472951e-01;-3.7243572153076915e-01;2.0234013835286369e-01;3.8488528869251848e-01;-3.7588506863124016e-01;2.2264007964420093e-01;8.7796926100006201e-01;1.8047495910821892e-01;3.6141070408438547e-01;3.0149894251520745e-02;-1.0508159045518879e+00;-5.4961626097780480e-01;-6.8444966082000580e-01;-3.4563987312234534e-02
4.6450772507906767e-02;-2.9693429436158280e-02;-4.1996626393666248e-01;4.4394157043522099e-02;3.3438825080357815e-01;-4.7064860589871735e-02;-2.5696442786600543e-01;2.8736116518088139e-01;6.5573998407002243e-01;-2.2018602250418695e-01;-2.9705433849790031e-01;-1.4700677425771330e-01;-2.3190820565513359e-01;5.2051391940693359e-02
-2.6844820559638949e-01;-6.5525337678465148e-03;-2.8522092795357834e-01;-5.8397535133890933e-02;4.5236380584882996e-01;-2.9751071531568724e-01;-1.7415381264188340e-01;2.0648240618535074e-01;5.3273538313704050e-01;-1.8514123087071557e-01;-2.8065139845288778e-01;-2.7908253414520540e-01;-2.9224497221046231e-01;1.3191042205651482e-01
-4.0105068752532236e-01;-1.4627877219697469e+00;-3.6579035869284565e-01;2.2065216209175116e+00;2.2752099313432650e+00;-9.2348277745894614e-01;-4.8548500727826838e+00;-1.1837279651541044e+00;-2.9319324824576132e+00;-8.9537547644905768e-01;-1.4648097676420297e+00;7.4785385847587138e-01;1.9928787383359587e+00;-4.9902260929600084e-01
-2.9805306041299540e-01;-3.2771168624806307e-01;8.6484426566997702e-02;4.7070488072385952e-01;-3.1080504662417752e-01;-3.2394788677053254e-02;-7.6671109907056945e-02;1.8767569490251190e-01;3.1051814901119779e-01;2.2119976628789112e-01;5.6349636760827269e-03;-1.4383480009157013e-01;-3.7587507749527516e-01;8.3535043289588118e-01
-2.4693763500806806e-02;-5.6992831910853789e-02;1.1209264440379125e+00;-9.3085922590346717e-02;-1.7488259151150034e+00;-3.5122349893452656e+00;2.2378823483710936e-01;-6.9481379242614993e+00;1.4958284530314132e+00;-1.0804902763737860e+00;3.4030771188435349e-01;-1.3706074087442879e+00;1.9127118717529927e+00;-5.4646368494205451e+00
-3.5736448180857566e-01;-2.5108362346891860e-01;2.9168166070283413e-01;6.6555972773044120e-02;-3.0551064443245080e-01;3.3446639589793226e-01;1.2102360429421428e+00;2.2362287718911811e-01;-1.3490840197442122e-02;-4.9784703169782274e-01;-2.1231128886575465e-01;-2.2183145854798397e-01;-6.1679500017803712e-01;3.5697760500604203e-01
-3.2233019337562974e-01;-1.4803213178992863e-01;1.9303117805254394e-01;4.6024361067543285e-01;-1.0069417574724964e+00;1.5516510986882337e-02;-2.5696486636793392e-01;-2.5760795078985099e-03;4.2187450278376137e-01;2.4342192504421040e-01;6.2105976962821952e-01;-5.5338693008702033e-02;3.3407035334796165e-02;1.8095843799098121e-01
1.4179648567423173e-01;1.7259956759163528e-01;-5.5301074955830776e-01;-6.0533934619548591e-01;1.2970312931828720e+00;7.3466072216959211e-01;-5.7295747464607812e-02;-7.8299851048209601e-01;-1.5781267962786087e+00;-4.1063355011235292e-01;1.5922200919384581e+00;6.3023540189722471e-01;-5.9117971794854351e-01;-5.9376586949581522e-01
-2.7234275366256189e-01;-2.8542191953099372e-01;1.0027922940441752e-01;3.1333155572739946e-01;-1.1657705425765841e-01;-2.9356713286749714e-02;-2.6956689687449148e-01;-4.3316200641370983e-02;-4.2398709192890960e-02;1.2026725178088253e-01;5.7448705527376220e-01;-1.6193368646599077e-01;-1.7683065552981880e-01;1.1400189580825939e+00
5.6273594342198537e-02;1.7252701463332537e-01;-4.2503734185958197e-01;-5.2152027015966873e-01;7.0022421986092265e-01;5.4332574091091945e-01;9.9533848080104292e-01;-3.7797323157709495e-01;-3.5459402745627316e-01;-9.3216130833876021e-01;-2.9326608011696664e-01;1.7094174980988672e+00;1.1060762558205242e+00;5.5910570453758995e-02
1.4250105539099864e-02;3.3013491195885758e-02;-2.4280209840859790e-01;-3.0931386631927377e-01;5.0059075570970069e-01;-1.0399997225439306e-01;-5.3359317568051706e-02;1.9383291406973996e-01;-1.8790577645195322e-01;4.6998893453984469e-01;5.7793296195593735e-01;-2.6669616491844295e-01;-8.6240190641789627e-01;2.7494251667003905e-01
3.8797815606649771e-02;8.2626009640594889e-01;-2.9975097838747747e-02;-7.9160639589724136e-01;-1.3437428539375609e+00;3.9602893695854618e-01;2.1699463727560875e-01;7.3391309150966610e-01;5.8728200830396649e-01;6.4049945172686629e-01;-4.8040092020681952e-01;-3.4907558384710491e-01;3.6616567589638371e-01;-1.6799149013801506e+00
-1.5360941020224156e-01;2.3886365628687176e-01;-5.6614802550690979e-01;-3.7703368859763603e-01;7.9096849417945614e-01;1.1467746789558023e-01;-5.6269549499686600e-02;-2.1357725954654316e-01;2.0790350238921174e-02;-2.2623457573444011e-01;-1.4380792669645908e-02;1.7522146601736979e-01;9.7902434203734034e-01;1.4356446717120575e-01
1.1237507760107056e-01;1.4607826966835943e-01;-6.7731156226661937e-01;-2.3917113205003332e-01;9.0043097529707083e-01;6.6409759557592951e-01;-7.6155561139891814e-01;-5.9632390809933300e-01;-2.8544958648543006e-01;1.2828255837978744e+00;1.6910761391020673e-01;3.7955900737453413e-01;-8.8329395779842579e-01;-5.1023981534356222e-02
-2.0750713913685898e-01;-1.1440535422087283e-01;-5.8371343049699584e-02;-1.2188068012222450e-01;4.9603292936254656e-01;-4.8697559965933712e-01;1.6551525395088368e-01;-6.6073631188321391e-01;-1.1800553973422665e+00;8.7582567447735959e-01;7.8627969840715251e-01;-6.8221979167152635e-01;4.8437261714263852e-02;1.9346424176577331e-01
-2.4329635971481961e-01;-3.4335980837068908e-01;-7.5780933108645643e-02;6.3405782352139450e-01;-2.3901962783643990e-01;-1.0572792297229472e-01;-9.0803122478928924e-02;3.9957689040752586e-02;-1.1419587034743325e-01;3.6594515803130628e-01;-2.1688234241237628e-01;-2.1859825006098840e-01;1.8956085432560466e-01;5.6717879357457468e-01
-1.9247250266003013e-01;7.2780069572613881e-01;3.8793684245789944e-01;-6.4517947578954016e-01;-1.5698536444251527e+00;2.1642664728095451e-02;-8.8988666276857364e-01;1.8961052741749762e-01;4.4292394641161192e-01;1.1265623362342512e+00;-1.6180174720530838e-02;-2.3107437766834610e-01;6.6347506357183550e-01;-3.3982380655014022e-01
7.1663845116470393e-02;-2.2258261998518603e-01;-4.8978117845126640e-01;4.3493218287512342e-01;5.5500223140249239e-01;1.0445715674729762e-01;-1.5199361846658419e+00;-3.7342136473495907e-01;4.3368911858262915e-02;6.6912371098094625e-01;1.8198213270229566e-01;2.6036765785260757e-01;6.2281142707295389e-01;1.1834260717519482e+00
-3.3183806608297017e-01;-3.5605463234313967e-01;2.0377818250215046e-01;4.5405245819699303e-01;-5.2970537824652864e-01;1.3177428932168303e-01;5.1729783626643511e-01;2.8683783517698025e-01;5.0538775085061005e-01;5.0556728814355412e-01;-5.2639922563393715e-01;-1.0477495728142721e+00;-1.2468720671206328e+00;4.4078527065375339e-01
-3.5821784580468424e-01;-2.3686378778889856e-02;-2.1219943146855533e-01;-1.2960152370923519e-01;7.3163097276365030e-01;-5.9661028242394876e-01;-9.2992564310227155e-01;-7.8083065999900669e-02;3.7053562486681058e-01;-1.6982919983740549e-01;3.3281540699555906e-01;3.3779117931837011e-01;-6.0277537937143366e-01;5.1657570569271727e-01
-4.5812402391874792e-02;-5.1798034099556335e-02;-2.5530812621989396e-01;-5.7708272166313111e-03;2.3548933072596151e-01;-6.7997594844298903e-02;-6.9311560425578109e-02;1.0692016391836215e-01;3.6247159384147198e-01;2.2073560681444493e-01;-2.8254570267733442e-01;-1.7534757723925287e-01;-2.6321169054535204e-01;1.5222083789557894e-01
-1.5973976386431799e-01;1.6281202502083947e-01;-8.2384079442681990e-01;-6.9577724403315028e-02;1.2378792178608280e+00;-9.6256420915498353e-01;-2.1161760504083431e+00;3.7020319099745302e-01;1.4000887942412543e+00;3.7397076403975760e-01;-1.6078604341842886e+00;5.3567378564600698e-01;1.6198519312422772e+00;6.2974921662849392e-01
-3.9218019510031094e-02;1.0506045668207420e-01;-7.5802922390040173e-01;1.4238301309399837e-01;5.2337597365083877e-01;1.2959994157967419e-01;-2.1398730592545195e-01;-1.4413351419517884e-01;-9.1638678052964842e-02;-3.2654568214050395e-01;4.0260680331907445e-01;-4.6258971189309306e-01;-2.1656239726836723e-02;-4.8284907743161742e-02
-2.6228174222090436e-02;-1.0369616660912293e-01;-3.5113531347767407e-01;1.1344744249689685e-01;3.9695452585453433e-01;-5.5268577860313792e-02;-1.3565777683326730e-01;-5.9056145257596782e-02;3.6255287408810087e-02;2.9026635796409528e-01;-5.5882501919997740e-01;1.1109519665945214e-01;6.2600446113326449e-02;-1.3462004180008874e-01
-2.0424606097624334e-01;4.9789663572290699e-01;1.9666269991779027e-02;-9.2487756221735662e-01;-2.6552949571203482e-01;1.1949366073511181e-01;2.5631176366836805e-01;3.8376599519825427e-01;1.2196620172281138e+00;9.7846312331035279e-01;-8.9158437097243215e-01;1.8476048128491659e-01;1.7448262570813355e+00;-2.8830833821458124e-01
3.4071923710453733e+00;-2.4101493725062215e+00;3.8285993568897063e+00;-2.0722059312413568e+00;9.1226983418373897e-01;4.1732199186892949e-01;-1.5464090330231881e+00;1.8062121399183848e+00;1.4912275099567580e+00;-3.5040175080747940e+00;1.4361004932669448e+00;-4.6745583399533963e+00;2.9493205233195399e+00;8.0035255122117732e-01
-1.5257027899301442e-01;2.3469370066960374e-01;-6.9964922748503422e-01;-2.7302835734459568e-01;8.3198882949708175e-01;-3.3877829564339379e-01;4.1037588630983435e-01;2.1909247126071174e-01;1.8278562939373130e-01;-1.3874298523558080e+00;-4.7711620643676295e-01;1.4503764099095637e+00;8.0832038066787237e-01;1.7920259500871394e-02
-3.3066932461512233e-01;-8.8234693230190051e-02;6.8186917644835726e-02;-2.8270273161981435e-01;4.4052030358421040e-01;1.0519549029781866e-01;5.5541217745797300e-01;-1.4828475476196745e-01;-5.8314890330535940e-01;1.4166655553305196e-01;2.3015229502211079e-01;-4.5930976247775318e-01;-6.4799097315299758e-01;-6.8479790842194577e-02
9.0036310673904746e-02;7.3050400133529114e-01;2.1328492957464831e-01;-7.7567246821405478e-01;-1.8755326913978148e+00;-2.3321200920659582e-01;4.3365892305424786e-01;1.4776280960844551e-01;1.3278527272241061e+00;1.5809204417294425e+00;2.0859876344562092e+00;-6.2529130637392738e-01;-1.8276757634450720e+00;2.7861635162950504e+00
-2.5906190865023598e-01;-2.6957563078559166e-01;-2.7303133309879227e-02;4.4574305074612480e-01;-2.5734024534385441e-01;-1.0369197530897228e-01;1.8283114170791651e-01;2.3776233035373301e-01;1.6538481645746092e-01;-3.2333806762921302e-02;-2.5012043256343514e-01;-2.9437529472833512e-01;1.5401974363859749e-01;4.5043242745994433e-01
1.6127548603898107e-02;-8.1209621784392894e-02;-2.4875355474291333e-01;1.7280307959516530e-02;2.5704107237952312e-01;3.8957908755070542e-01;-3.7686074426748217e-01;1.1560007931895881e+00;3.0593888223343593e-02;9.4740356463512129e-02;-1.3760220426223407e-01;-3.8015624283789762e-01;3.2344830671660119e-01;-7.9764133662917458e-01
-1.2755981101154038e-02;1.6694012856542687e-01;-4.6406603483029246e-01;-5.1900051819994919e-01;8.8889322772623469e-01;4.3043148808447396e-01;8.0404730107270550e-01;2.5467189022399406e-01;-5.2999307872042001e-01;-7.6478166704161843e-01;-5.1756425394374406e-01;5.8680478620411736e-01;5.6020005528219752e-01;-6.0803187974245410e-01
-5.2850567675878632e-02;1.4764799613402210e-01;-6.0208343578021384e-01;-2.7745082462629034e-01;9.8772375185866446e-01;3.4866176468497340e-01;-8.1308745732079513e-01;-1.1337240653167058e-01;-2.9340270717611039e-01;4.6321169804493290e-01;4.5454636403222237e-01;-8.4797544850078987e-01;-1.7002712172614542e-01;-5.1421515592634015e-01
-2.9332198388358599e-01;5.4840709647886697e-02;7.0081383216476101e-01;8.6588192768601024e-01;-2.3284742138681032e+00;-1.8800955562834587e-01;-1.3330189095653080e+00;4.6815260844699003e-02;-1.0348522174448263e+00;-6.5298798923847734e-01;-1.1338976577763948e-01;4.1340412312404651e-01;1.1270558564777577e-01;-7.3793746265403537e-01
-2.9761310897731946e-01;-2.7177872832350758e-01;7.6015337576470332e-02;4.4680043470256775e-01;-3.9116593660349264e-01;-6.3733264711706317e-02;-9.7583877586885803e-02;1.5224803106413509e-01;5.6163820467362596e-02;1.2759712348774974e-01;5.2259347835901859e-01;-2.0439980185341394e-01;-3.7303257130685102e-01;7.7545689678408536e-01
2.3646840999096125e-01;-7.5769422918443741e-01;1.3974322712242264e+00;-6.2450983453198283e-01;1.0818689108460720e-01;-5.9562338520766502e+00;1.6789984127366542e+00;-8.5550210420817443e+00;2.6356255817092773e+00;-1.5941008761744424e-01;-1.0411066101427652e-01;-3.3916225709137238e-01;-7.2724720064576109e-01;3.3616567856487274e+00
1.3341328938464533e-01;5.4862925241632310e-01;-9.0866753038204462e-02;1.8362027654153980e-02;-1.6422171490103095e+00;-2.8459765609813653e-01;-2.7340602766165256e-01;-2.1206212110709960e-01;-4.7769227796697361e-01;6.2163498880688273e-01;4.4247598307279362e-01;-2.9973318251931375e-01;4.8455232710725005e-01;-9.1420483846079051e-02
-7.1186156746245066e-02;-4.2265788521506795e-02;-5.0227775399434615e-01;2.0662597390196654e-02;8.7161536915494287e-01;2.3704335282185063e-01;-8.8481783552927129e-01;1.5498398617101028e-01;-2.7746399822687295e-01;2.5279490285415529e-01;-4.5437972846797520e-01;-5.2377773615467060e-01;1.8311639881778397e-01;-1.0642518786932238e+00
-2.9085412595281140e-01;-2.5208410759078342e-01;5.1968028556707006e-02;2.8985059489572934e-01;-1.0962588318590723e-01;3.9591524269528056e-02;7.0338720269025115e-02;2.2383296605743674e-02;-1.6420019611179171e-01;-1.0014516300856116e-01;5.1429881458701421e-01;1.2842382212653594e-01;-3.1169889274436346e-01;8.5699704279583333e-01
-3.7164468244979582e-01;-3.8247715652142517e-01;2.0103493428477801e-01;6.1147946587599711e-01;-5.9988806612903733e-01;3.8403611600621557e-02;-1.2801215220919424e-01;3.8305155553090731e-01;3.0443765899084113e-01;3.1810403763542017e-01;3.5590098009229537e-01;3.3107515362342632e-02;-3.0407582952862544e-01;1.0579213779177674e+00
6.8366988088182506e-02;2.7802181322408281e-01;-7.4208458048621495e-01;-5.0868713632212592e-01;1.2695932213870396e+00;-5.2857263183053438e-01;-1.5613790472799460e+00;1.9211001515132123e-02;7.9830179757240249e-01;4.7570313012690796e-01;2.6066399395542739e-01;2.5536847935282991e-01;-3.4576527384080369e-01;6.2348716492722733e-01
-1.5513944581990466e-01;-5.5137164915111170e-02;-3.5985310827738204e-01;2.2602443960301635e-01;-8.8957055677046676e-02;-1.3944912358911618e-01;1.5529017435951533e+00;4.0143420611538438e-01;-1.8685718727080031e-01;-1.4922042233026878e+00;-5.2487911373944499e-02;2.0273734391870271e-01;1.2795071912412959e-01;7.8727495005385606e-01
-1.7195211807751171e-01;3.9795548316760976e-01;-3.7807335984438209e-02;-4.2066895883341099e-01;-7.5596274976289757e-01;-1.7703293946199727e-01;-5.2504296035082568e-02;5.3637578223797089e-01;1.1706771108157019e+00;-1.1864288473867307e-02;3.6899510113485734e-01;7.0531102938167523e-01;1.9575133446156917e-01;2.0107555852075021e-02
5.4327735992463398e-02;1.9002574972041869e-01;-4.5613706541496152e-01;-4.0201173337310470e-01;4.0510520591136573e-01;1.6948131731144797e-01;7.4078647597139535e-01;1.1445195071931089e-01;7.6361190667520473e-01;2.4191573373315062e-01;-1.6860579700990819e+00;6.0790695873413680e-01;5.5082787422164359e-01;-7.7745296063801828e-01
3.1875884677131996e-02;5.2623776623772278e-01;-3.2037421994235218e-02;-4.7614300950100080e-01;-9.0974741614066423e-01;-2.8305865290703516e-02;-5.1098454359827117e-01;3.8146709757532260e-02;3.2042165260397333e-02;7.4077378019466589e-01;6.2164213477715990e-01;-6.7450284524865978e-01;-6.9453241074143290e-01;-9.0028025735004458e-01
-4.2507197037598518e-02;-1.4159509467793346e-01;-3.3070358370784830e-01;8.4674656768388507e-02;6.0442708032467318e-01;-9.7999924279080927e-02;-2.8587981152272207e-01;-2.7810393439860165e-02;-3.9602310370453468e-02;-1.0797604230001254e-01;-7.2660155029494922e-01;-5.9486831451739247e-03;8.7498610641962113e-02;-4.3138417557984238e-01
-1.0975739917787953e-02;9.8848148846517478e-02;-6.1281920665289202e-01;-1.1071378775882365e-01;7.2176569661050394e-01;1.5637705305332197e-01;-9.3396392304236284e-02;-8.0335904084615328e-02;-6.2437752325082962e-01;8.5256363527375700e-02;8.6992193725324096e-01;-1.2139456722335475e+00;-5.6621166549262636e-01;-1.0881247041399111e-01
-3.3314082585250221e-01;-2.8627824192543599e-01;2.0851929600266661e-01;4.9724596405073590e-01;-7.2563825620636568e-01;-3.2980303424788027e-02;-1.2434571472129585e-01;2.5583704515662553e-01;3.9550950679070213e-01;3.7075425831046083e-01;5.0813180688659365e-01;3.1438018805731827e-02;-2.0630179483513861e-01;8.4086842843671894e-01
-1.3551583758183816e-01;-9.0536619407386429e-02;-3.4930803161385721e-01;1.5898773899912694e-01;3.2444969737431906e-01;-5.2971583076720841e-02;1.8151752649148048e-02;4.1514233024533131e-01;-2.1739532030268424e-01;-4.3031822691731414e-01;6.6675605326763820e-01;-2.8250995563944836e-01;-7.4994515671180129e-01;7.8025414887428657e-01
-1.1411799831454629e-01;-2.7432583849095589e-02;-1.9694180167099890e-01;-2.4939127128769176e-01;6.8069220049844281e-01;-1.0916984421500031e-01;-6.1568402788376286e-01;1.5393637136016436e-02;-6.4613815483306780e-01;1.1896631231170307e+00;1.4931428979294883e+00;-8.2481672022826680e-01;-1.9577075593725817e+00;9.3662919618774521e-01
4.4393085007555895e+00;-2.5430051727054543e+00;2.9628481567608294e+00;-9.6842427118675434e-01;-1.7535288108733077e-01;4.7214711222211987e+00;-8.3620491249879425e-01;-2.6427657144708387e+00;9.0747333019141863e-01;1.7366387889518951e+00;-1.5741536162998546e+00;6.0384659079518128e+00;-3.6915020598525849e+00;-1.0914677713294303e+00
-3.8904368332876249e-01;2.0754079350500446e-01;4.9054032521409441e-01;-4.8823386355394011e-01;-1.0931833331448988e+00;3.0072635006244619e-01;1.2417855566736873e+00;4.7518456403988885e-01;5.3253180982612336e-01;3.4486228035075944e-01;-3.1968604421465857e-01;-3.9717095520327511e-01;2.0578204388987165e-01;-1.2276148663063833e+00
-3.5006472461237748e-01;2.6058823047033546e-02;6.1323948343140566e-01;6.3593598269296980e-01;-2.0501153497919593e+00;-9.2736131912413200e-02;-1.0248388540317543e+00;5.9269505544301437e-02;-8.3675201464032134e-01;-3.4736813241419484e-01;1.5722073365610395e-01;2.4625234062736095e-01;6.7901969050036037e-02;-7.2984812610491745e-01
-5.3671921643602079e-02;1.1631205798764321e-01;-6.6122605448140104e-01;3.1147186360064590e-02;6.5381122586433382e-01;1.4945077746743443e-01;-2.5086730585766608e+00;3.9918521713284055e-01;2.0480817902575321e+00;9.8871217819730717e-01;-4.0380382151377969e-01;-5.6460738899236362e-01;1.2909054799703401e+00;1.1264906471301024e+00
-3.6305642822317313e-01;4.3355906218847340e-01;7.7347346883849122e-01;4.5549368038339616e-02;-2.2871924736924423e+00;-2.1001220267302162e-01;-1.0759908937483167e+00;1.8927416710406297e-01;-6.8975392369501864e-01;-1.0507026824584714e-01;6.9289396390360780e-01;4.3078568484160884e-01;2.9561043755457245e-01;-9.0266086630170883e-01
-4.6009110314090174e-01;-3.3578511325405458e-01;2.1112629846110850e-01;3.8679796435998026e-01;2.1100794608369663e-02;-3.1003461900798368e-01;-1.0482387444459036e+00;-2.5256572856736392e-01;-6.5767165299037700e-01;-5.7627887435734909e-02;1.0251597283809781e+00;3.4700097970569246e+00;5.3823969080571503e+00;2.5811852916306059e+00
-3.0787858484300840e-01;-1.1824315296402618e-01;3.3017737526843605e-01;5.5458772124833666e-01;-1.3128116226627935e+00;-4.5472143429686251e-02;-8.3342771330588827e-01;1.9510733722755402e-01;-3.2206259793052355e-01;7.7944000549569320e-02;7.6757034476835795e-01;4.5084820631741840e-01;3.8167378094757609e-01;-5.3089898416713188e-02
-4.4906260803575865e-01;-2.4762696065857684e-01;4.5436588824626406e-01;-2.4974906563334995e-02;-4.8275778348317089e-01;4.6478737250130436e-01;1.6150501626398952e+00;2.2082559599210194e-01;-2.0610087207244879e-01;-6.4995098752260083e-01;5.9785948423930002e-01;3.3957574330493512e-01;1.2460626150832471e-01;1.0516069553355507e+00
-1.2022866387322140e-01;7.9619089168394178e-02;-1.5479437795347484e-01;-7.3949010526305231e-02;-2.0000552702421576e-01;-9.6063934285288949e-02;3.8156187075425307e-01;2.8558192128272769e-01;2.1307713712557314e-01;-8.9215573291757688e-01;1.1665654572979099e-01;9.2937098650769545e-01;4.2771601829957639e-01;-2.1891329581063335e-01
-3.6976587801542710e-01;-3.1540104027800234e-03;5.6728265464657934e-01;5.9013831222752655e-01;-2.0462262471267412e+00;1.2450461972661475e-02;-8.1836051998912118e-01;3.0436599490203153e-01;-4.2002577061071217e-01;3.6845167594503347e-02;7.6405551619535828e-01;3.4491828569534677e-01;1.5216180928928080e-01;-3.5576333896316159e-01
-3.7963985546957379e-01;3.4160904821009919e-01;5.8004195703022088e-01;-1.3302133858377413e-01;-1.7698049070084048e+00;-2.3982830748605655e-01;-4.3950761190299736e-01;3.0027671884401219e-01;-1.4031523438770377e-01;9.9153544346992084e-03;5.4273805234600703e-01;5.6297434057906104e-01;2.1112971553057674e-01;-7.0731974490471394e-01
-3.6213557422690712e-01;-3.8344513707526090e-01;1.4939930415087607e-01;5.4212094794873278e-01;-3.4389737917622309e-01;3.3061357499962751e-03;3.8182272962602112e-02;1.7713976499129103e-01;1.6239729547269471e-01;-1.5043125876200714e-03;-3.6312805720728841e-02;1.0325437672756857e-01;-1.0357764891999205e-01;9.1123834842926810e-01
-3.1617900439984947e-01;-1.5113024382256540e-01;1.9546484815058973e-01;-7.2952652464913670e-02;-7.1519789650290405e-02;-5.6470124647841480e-01;1.0127348457982158e-01;9.0166996028816093e-01;4.1832190119252410e-01;3.0003167820973453e-01;3.4151907883071680e-01;5.7611316833089865e-01;-6.6779183277253329e-01;1.5527599882952650e+00
-3.0409368556148930e-01;1.2437183983900618e-01;6.6093899832539538e-01;8.4092197446262262e-01;-1.9956439624492877e+00;-1.8658794245400723e-01;-2.1618261486485633e+00;-4.0043076005173739e-01;-1.8265579279191284e+00;-4.0719317995859811e-01;-5.0108642169690820e-01;5.6841045804233703e-01;4.6487919239102909e-01;-1.0959932381594968e+00
-6.8450920909554014e-02;2.6380050058703186e-01;-7.0571178567568171e-01;-4.1260537417281534e-01;1.0957302131684661e+00;5.7419354538283385e-01;-6.4225879393904939e-01;-9.7236952556578271e-01;-4.2717669721281193e-01;6.4211354883887461e-01;5.3466212458449236e-01;2.8997551476751038e-01;-8.0810667843556383e-01;-4.5653110216652693e-01
-3.1964849467353468e-01;2.3498736518816124e-01;4.7276321488318124e-01;-2.5733229589306197e-02;-1.9070592850617147e+00;8.8753847505547767e-02;6.1560165689944080e-01;5.6187983368881766e-01;5.9046151802772395e-01;-4.3265318425691951e-01;8.4554557589535662e-01;1.2761290209245746e-01;-1.4249547084382548e+00;-8.7515108766362149e-01
